K,xi,f_n
314.415960043,0.136455157305,45.4004948036
